"","time","device","location","lat","long","CGDD","Cl","ET","GDD","LfAirDelta","NDVI","SWdw","maxT","meanT","minT","prate","precip","SLP","Kc","ETc","mean_tbelow","lfw","crop_water_demand","sunshine_duration","datetime"
"172",2018-06-09,"A000671","5b1a96b0f2a0ff00019bedd6",42.1207,-71.8069,9.28095,0.328725,5.15288,9.28095,7.67885,0.163776,26.0839,23.5271,19.659,15.0348,NA,NA,1018.58618743,0.06612137,0.34071561,NA,NA,NA,NA,2018-06-09
"171",2018-06-10,"A000671","5b1a96b0f2a0ff00019bedd6",42.1207,-71.8069,17.3406,0.334573,3.66338,8.05967,5.6838,0.157621,18.228,21.7685,17.6301,14.3508,0.0225813,0.0225813,1017.46154003,0.05715448,0.20937852,NA,NA,NA,NA,2018-06-10
"170",2018-06-11,"A000671","5b1a96b0f2a0ff00019bedd6",42.1207,-71.8069,23.4787,0.340657,4.12667,6.13807,10.8069,0.164876,23.383,20.8388,14.9726,11.4374,0.00024775,0.00024775,1017.71335566,0.06772374,0.27947339,NA,NA,NA,NA,2018-06-11
"169",2018-06-12,"A000671","5b1a96b0f2a0ff00019bedd6",42.1207,-71.8069,28.6113,0.342335,4.95487,5.13263,9.3214,0.164032,29.1597,20.3512,15.0875,9.91409,1.30963,1.30963,1021.12310483,0.066494,0.32946925,NA,NA,NA,NA,2018-06-12
"168",2018-06-13,"A000671","5b1a96b0f2a0ff00019bedd6",42.1207,-71.8069,34.6434,0.35567,1.10503,6.03204,3.92065,0.173436,10.2178,19.4219,16.4584,12.6422,0.307063,0.307063,1014.24901476,0.08019594,0.08861883,NA,NA,NA,NA,2018-06-13
"167",2018-06-14,"A000671","5b1a96b0f2a0ff00019bedd6",42.1207,-71.8069,43.1721,0.342819,4.34579,8.52876,7.23965,0.183158,24.8061,21.0133,18.6961,16.0442,3.94584,3.94584,1005.53280635,0.09436065,0.41007177,NA,NA,NA,NA,2018-06-14
"166",2018-06-15,"A000671","5b1a96b0f2a0ff00019bedd6",42.1207,-71.8069,49.0702,0.387713,0.983673,5.89808,2.90865,0.219633,8.31608,18.6851,15.0473,13.1111,0.433919,0.433919,1012.19232524,0.14750583,0.14509756,NA,NA,NA,NA,2018-06-15
"165",2018-06-16,"A000671","5b1a96b0f2a0ff00019bedd6",42.1207,-71.8069,58.582,0.307888,5.03319,9.51183,7.67155,0.174043,27.5314,26.8798,19.4386,12.1439,0.00729783,0.00729783,1015.11095834,0.0810813,0.40809777,NA,NA,NA,NA,2018-06-16
"164",2018-06-17,"A000671","5b1a96b0f2a0ff00019bedd6",42.1207,-71.8069,73.4582,0.273583,5.83236,14.8762,7.3773,0.173933,29.3164,32.5273,23.8939,17.2251,NA,NA,1017.29711313,0.08092077,0.47195905,NA,NA,NA,NA,2018-06-17
"163",2018-06-18,"A000671","5b1a96b0f2a0ff00019bedd6",42.1207,-71.8069,86.319,0.305937,3.72237,12.8608,5.8015,0.204127,22.2257,27.7752,22.3557,17.9464,6.90279,6.90279,1014.19730285,0.12491242,0.46496974,NA,NA,NA,NA,2018-06-18
"162",2018-06-19,"A000671","5b1a96b0f2a0ff00019bedd6",42.1207,-71.8069,97.5239,0.350816,5.14873,11.2049,6.11,0.261092,28.7145,23.9391,20.8233,18.4706,9.11293,9.11293,1007.69551235,0.20791175,1.07048179,NA,NA,NA,NA,2018-06-19
"161",2018-06-20,"A000671","5b1a96b0f2a0ff00019bedd6",42.1207,-71.8069,107.047,0.343374,4.207,9.52317,6.56605,0.262593,22.4175,23.8648,19.9122,15.1815,0.00341002,0.00341002,1011.46972752,0.21009765,0.88388161,NA,NA,NA,NA,2018-06-20
"160",2018-06-21,"A000671","5b1a96b0f2a0ff00019bedd6",42.1207,-71.8069,119.306,0.330373,5.08565,12.2588,7.75385,0.262606,27.534,28.0915,20.6371,16.4262,0.547451,0.547451,1008.56027731,0.21011763,1.06858384,NA,NA,NA,NA,2018-06-21
"159",2018-06-22,"A000671","5b1a96b0f2a0ff00019bedd6",42.1207,-71.8069,127.843,0.359355,4.72072,8.5367,8.8499,0.290306,26.9313,23.5243,17.4904,13.5491,NA,NA,1015.81112779,0.25047654,1.18243033,NA,NA,NA,NA,2018-06-22
"158",2018-06-23,"A000671","5b1a96b0f2a0ff00019bedd6",42.1207,-71.8069,132.661,0.398138,0.741488,4.81883,3.85115,0.334024,6.80989,16.3094,14.1174,13.3283,0.0292387,0.0292387,1015.23249489,0.31417289,0.23295553,NA,NA,NA,NA,2018-06-23
"157",2018-06-24,"A000671","5b1a96b0f2a0ff00019bedd6",42.1207,-71.8069,140.193,0.370792,2.29422,7.5317,7.9095,0.345681,16.7283,21.859,17.5218,13.2044,5.79304,5.79304,1010.44347788,0.33115692,0.7597473,NA,NA,NA,NA,2018-06-24
"156",2018-06-25,"A000671","5b1a96b0f2a0ff00019bedd6",42.1207,-71.8069,147.976,0.390752,4.04675,7.78296,7.1645,0.390492,24.0588,21.0814,18.0254,14.4846,0.505912,0.505912,1012.70373766,0.39644632,1.60432052,NA,NA,NA,NA,2018-06-25
"155",2018-06-26,"A000671","5b1a96b0f2a0ff00019bedd6",42.1207,-71.8069,155.545,0.331067,5.50039,7.56937,9.06595,0.353425,29.8325,23.7197,17.9769,11.419,NA,NA,1023.24685242,0.34244014,1.8835531,NA,NA,NA,NA,2018-06-26
"154",2018-06-27,"A000671","5b1a96b0f2a0ff00019bedd6",42.1209,-71.8069,163.153,0.374318,2.75093,7.60798,7.4042,0.423986,17.32,20.6325,17.5448,14.5835,0.0320085,0.0320085,1019.99264694,0.44524755,1.22484557,NA,NA,NA,NA,2018-06-27
"153",2018-06-28,"A000671","5b1a96b0f2a0ff00019bedd6",42.1209,-71.8069,172.773,0.441246,0.106988,9.61924,2.2693,0.528792,6.21949,22.1033,20.114,17.1352,39.8231,39.8231,1011.35235969,0.59795018,0.06397345,NA,NA,NA,NA,2018-06-28
"152",2018-06-29,"A000671","5b1a96b0f2a0ff00019bedd6",42.1209,-71.8069,186.453,0.379701,5.96328,13.6805,5.44425,0.54257,30.2204,28.3112,23.282,19.0498,0.828425,0.828425,1011.60390798,0.61802488,3.68545527,NA,NA,NA,NA,2018-06-29
"151",2018-06-30,"A000671","5b1a96b0f2a0ff00019bedd6",42.1209,-71.8069,202.101,0.366138,5.75312,15.6482,5.75345,0.569911,27.2931,29.6659,25.3544,21.6305,NA,NA,1016.53634882,0.65786105,3.7847555,NA,NA,NA,NA,2018-06-30
"150",2018-07-01,"A000671","5b1a96b0f2a0ff00019bedd6",42.1209,-71.8069,220.935,0.356078,5.73284,18.8337,2.64365,0.599368,27.4532,36.2407,27.0974,21.4268,NA,NA,1016.47554992,0.70077939,4.01745805,NA,NA,NA,NA,2018-07-01
"149",2018-07-02,"A000671","5b1a96b0f2a0ff00019bedd6",42.1209,-71.8069,235.609,0.392035,5.4025,14.6734,6.2117,0.616987,28.5753,28.7867,24.7329,20.5602,0.644014,0.644014,1019.13674247,0.72645037,3.92464743,NA,NA,NA,NA,2018-07-02
"148",2018-07-03,"A000671","5b1a96b0f2a0ff00019bedd6",42.1209,-71.8069,251.071,0.380542,4.9526,15.4622,6.0778,0.639203,26.8587,30.4275,25.2452,20.4969,0.00484336,0.00484336,1021.38542293,0.758819,3.75812622,NA,NA,NA,NA,2018-07-03
"147",2018-07-04,"A000671","5b1a96b0f2a0ff00019bedd6",42.1209,-71.8069,268.867,0.38875,5.99738,17.7963,5.33775,0.662736,29.6157,32.7885,26.9274,22.8041,NA,NA,1025.43647762,0.79310656,4.75656514,NA,NA,NA,NA,2018-07-04
"146",2018-07-05,"A000671","5b1a96b0f2a0ff00019bedd6",42.1209,-71.8069,283.774,0.41692,4.9825,14.9065,6.4538,0.698079,28.1032,27.9278,24.6393,21.8853,0.0281722,0.0281722,1025.27928423,0.84460104,4.20822508,NA,NA,NA,NA,2018-07-05
"145",2018-07-06,"A000671","5b1a96b0f2a0ff00019bedd6",42.1209,-71.8069,294.375,0.496129,1.43239,10.6018,1.33035,0.737249,10.7114,24.7082,22.8986,16.4954,9.75867,9.75867,1016.98751446,0.90167186,1.29154976,NA,NA,NA,NA,2018-07-06
"144",2018-07-07,"A000671","5b1a96b0f2a0ff00019bedd6",42.1209,-71.8069,302.935,0.437644,5.94051,8.56008,7.4089,0.742883,30.3545,25.2339,18.0349,11.8863,0.00100971,0.0010097,1025.0448083,0.90988046,5.40515765,NA,NA,NA,NA,2018-07-07
"143",2018-07-08,"A000671","5b1a96b0f2a0ff00019bedd6",42.1209,-71.8069,313.753,0.406087,6.35249,10.8173,5.7739,0.742324,30.4043,28.6729,20.7729,12.9618,NA,NA,1027.35717402,0.90906622,5.77483755,NA,NA,NA,NA,2018-07-08
"142",2018-07-09,"A000671","5b1a96b0f2a0ff00019bedd6",42.1209,-71.8069,325.584,0.414027,5.84228,11.8315,6.2531,0.751342,30.1476,28.4086,21.2652,15.2544,NA,NA,1022.54425534,0.92220573,5.38778126,NA,NA,NA,NA,2018-07-09
"141",2018-07-10,"A000671","5b1a96b0f2a0ff00019bedd6",42.1209,-71.8069,338.544,0.412521,5.92833,12.9594,5.30485,0.757926,29.3056,29.2517,23.1188,16.6671,NA,NA,1014.15158935,0.93179773,5.52399994,NA,NA,NA,NA,2018-07-10
"140",2018-07-11,"A000671","5b1a96b0f2a0ff00019bedd6",42.1209,-71.8069,350.417,0.480113,NA,11.8736,4.3288,0.755237,22.4056,24.6853,20.9548,19.0618,NA,NA,1013.87365695,0.92788019,NA,NA,NA,NA,NA,2018-07-11
"139",2018-07-12,"A000671","5b1a96b0f2a0ff00019bedd6",42.1209,-71.8069,361.864,0.440857,5.54175,11.4465,6.59355,0.770965,31.0139,28.3461,20.5497,14.5469,NA,NA,1022.61402684,0.95079628,5.26907831,NA,NA,NA,NA,2018-07-12
"138",2018-07-13,"A000671","5b1a96b0f2a0ff00019bedd6",42.1209,-71.8069,373.923,0.444623,4.71706,12.0597,7.3298,0.77187,24.327,27.3815,20.3644,16.738,0.00613373,0.00613373,1023.71298617,0.95211496,4.49118719,NA,NA,NA,NA,2018-07-13
"137",2018-07-14,"A000671","5b1a96b0f2a0ff00019bedd6",42.1209,-71.8069,384.23,0.48081,2.81997,10.3062,4.49695,0.763651,17.1714,25.2903,19.6017,15.3221,NA,NA,1020.72235421,0.94013964,2.6511633,NA,NA,NA,NA,2018-07-14
"136",2018-07-15,"A000671","5b1a96b0f2a0ff00019bedd6",42.1209,-71.8069,401.071,0.432515,4.74202,16.8414,4.35395,0.784419,23.9498,35.1105,24.3621,18.5723,NA,NA,1015.48543739,0.97039895,4.60165081,NA,NA,NA,NA,2018-07-15
"135",2018-07-16,"A000671","5b1a96b0f2a0ff00019bedd6",42.1209,-71.8069,418.042,0.440748,4.08978,16.9709,4.7517,0.788671,22.2581,34.0794,24.8466,19.8624,NA,NA,1015.35567639,0.97659353,3.99404838,NA,NA,NA,NA,2018-07-16
"134",2018-07-17,"A000671","5b1a96b0f2a0ff00019bedd6",42.1209,-71.8069,431.394,0.483424,2.21056,13.3524,4.3042,0.792281,15.8644,26.9328,21.8915,19.7719,40.0249,40.0249,1011.44052562,0.98185361,2.17044685,NA,NA,NA,NA,2018-07-17
"133",2018-07-18,"A000671","5b1a96b0f2a0ff00019bedd6",42.1209,-71.8069,441.891,0.4867,5.49088,10.4971,6.46465,0.801966,28.7175,23.9308,20.4224,17.0633,0.00100971,0.0010097,1012.3009731,0.99596489,5.46872824,NA,NA,NA,NA,2018-07-18
"132",2018-07-19,"A000671","5b1a96b0f2a0ff00019bedd6",42.1209,-71.8069,453.19,0.454152,6.50203,11.2988,6.34255,0.80732,29.9539,29.3015,20.6253,13.2961,NA,NA,1018.89100786,1.00376464,6.52650417,NA,NA,NA,NA,2018-07-19
"131",2018-07-20,"A000671","5b1a96b0f2a0ff00019bedd6",42.1209,-71.8069,466.589,0.449577,6.1594,13.3991,5.36485,0.810697,29.9078,31.5242,21.0887,15.274,NA,NA,1021.71706038,1.00868521,6.21289264,NA,NA,NA,NA,2018-07-20
"130",2018-07-21,"A000671","5b1a96b0f2a0ff00019bedd6",42.1209,-71.8069,475.323,0.493634,5.16218,8.734,6.8405,0.812907,27.9872,23.5306,18.6351,13.9374,NA,NA,1021.10656169,1.01190571,5.22364335,NA,NA,NA,NA,2018-07-21
"129",2018-07-22,"A000671","5b1a96b0f2a0ff00019bedd6",42.1209,-71.8069,485.147,0.524559,1.16588,9.8232,3.48585,0.795411,10.5897,23.6898,19.8348,15.9566,5.816,5.816,1019.33330798,0.98641338,1.15004162,NA,NA,NA,NA,2018-07-22
"128",2018-07-23,"A000671","5b1a96b0f2a0ff00019bedd6",42.1209,-71.8069,498.69,0.521675,3.13368,13.5434,3.34205,0.812513,19.821,25.1947,23.0312,21.8921,1.98836,1.98836,1023.66055593,1.01133212,3.1691882,NA,NA,NA,NA,2018-07-23
"127",2018-07-24,"A000671","5b1a96b0f2a0ff00019bedd6",42.1209,-71.8069,512.896,0.498426,3.37883,14.2058,4.58625,0.818695,20.6125,26.3251,23.5904,22.0865,0.215262,0.215262,1025.05522488,1.02033883,3.44755302,NA,NA,NA,NA,2018-07-24
"126",2018-07-25,"A000671","5b1a96b0f2a0ff00019bedd6",42.1209,-71.8069,526.243,0.55243,1.37611,13.3472,2.04685,0.80372,12.0995,25.166,22.791,21.5285,0.974245,0.974245,1018.81410357,0.99852033,1.37407392,NA,NA,NA,NA,2018-07-25
"125",2018-07-26,"A000671","5b1a96b0f2a0ff00019bedd6",42.1209,-71.8069,539.103,0.551085,1.46785,12.8601,3.0054,0.820769,12.5193,24.9781,21.9298,20.742,30.6788,30.6788,1012.50491085,1.02336058,1.50214128,NA,NA,NA,NA,2018-07-26
"124",2018-07-27,"A000671","5b1a96b0f2a0ff00019bedd6",42.1209,-71.8069,552.961,0.521745,3.79613,13.8585,3.98755,0.831871,21.6424,27.462,23.4434,20.255,NA,NA,1016.18902472,1.0395356,3.94620983,NA,NA,NA,NA,2018-07-27
"123",2018-07-28,"A000671","5b1a96b0f2a0ff00019bedd6",42.1209,-71.8069,567.41,0.518669,4.04938,14.4484,3.9282,0.834279,22.3137,28.1932,23.6414,20.7036,NA,NA,1016.22108516,1.0430438,4.22367661,NA,NA,NA,NA,2018-07-28
"122",2018-07-29,"A000671","5b1a96b0f2a0ff00019bedd6",42.1209,-71.8069,578.996,0.550921,3.96295,11.5865,5.38975,0.830382,21.7914,25.1113,21.1272,18.0617,NA,NA,1018.28453628,1.03736603,4.11103415,NA,NA,NA,NA,2018-07-29
"121",2018-07-30,"A000671","5b1a96b0f2a0ff00019bedd6",42.1209,-71.8069,592.563,0.512087,3.39192,13.5665,3.59885,0.83228,18.2513,30.3964,20.9779,16.7365,NA,NA,1021.44890768,1.04013208,3.5280454,NA,NA,NA,NA,2018-07-30
"120",2018-07-31,"A000671","5b1a96b0f2a0ff00019bedd6",42.1209,-71.8069,607.77,0.521747,4.88344,15.2068,3.379,0.839286,23.6156,32.769,23.1289,17.6446,NA,NA,1020.82842658,1.05033904,5.12926855,NA,NA,NA,NA,2018-07-31
"119",2018-08-01,"A000671","5b1a96b0f2a0ff00019bedd6",42.1209,-71.8069,619.462,0.556912,1.18647,11.6924,1.9413,0.81783,10.3725,25.7339,22.1463,17.6509,0.335535,0.335535,1019.6883963,1.01907887,1.20910447,NA,NA,NA,NA,2018-08-01
"118",2018-08-02,"A000671","5b1a96b0f2a0ff00019bedd6",42.1209,-71.8069,635.267,0.514927,4.07363,15.8048,4.98735,0.854244,22.5518,29.4473,24.6732,22.1623,0.752988,0.752988,1019.09584293,1.07213409,4.36747665,NA,NA,NA,NA,2018-08-02
"117",2018-08-03,"A000671","5b1a96b0f2a0ff00019bedd6",42.1209,-71.8069,650.653,0.53232,2.71872,15.3865,4.57655,0.842688,16.8932,29.7926,24.599,20.9804,0.874544,0.874544,1021.71501969,1.05529611,2.86905376,NA,NA,NA,NA,2018-08-03
"116",2018-08-04,"A000671","5b1a96b0f2a0ff00019bedd6",42.1209,-71.8069,663.958,0.612681,0.636989,13.3041,1.53965,0.824137,8.63034,26.7994,22.6086,19.8087,15.827,15.827,1020.32429445,1.02826734,0.65499462,NA,NA,NA,NA,2018-08-04
"115",2018-08-05,"A000671","5b1a96b0f2a0ff00019bedd6",42.1209,-71.8069,681.276,0.471211,5.63836,17.3181,2.74425,0.846004,26.9803,35.334,25.466,19.3022,NA,NA,1020.65834801,1.06012779,5.97738422,NA,NA,NA,NA,2018-08-05
"114",2018-08-06,"A000671","5b1a96b0f2a0ff00019bedd6",42.1209,-71.8069,698.64,0.478681,5.23609,17.3645,2.8087,0.84291,25.3386,34.5676,26.2065,20.1613,NA,NA,1018.52281134,1.05562022,5.52732605,NA,NA,NA,NA,2018-08-06
"113",2018-08-07,"A000671","5b1a96b0f2a0ff00019bedd6",42.1209,-71.8069,714.733,0.491028,4.90708,16.0931,4.145,0.835462,25.2944,30.2601,25.4612,21.9261,0.101469,0.101469,1015.02789536,1.04476797,5.12675582,NA,NA,NA,NA,2018-08-07
"112",2018-08-08,"A000671","5b1a96b0f2a0ff00019bedd6",42.1209,-71.8069,732.278,0.493556,3.92487,17.5448,2.48925,0.817864,20.6091,33.7225,25.6011,21.3671,10.5423,10.5423,1012.55970851,1.01912744,3.99993915,NA,NA,NA,NA,2018-08-08
"111",2018-08-09,"A000671","5b1a96b0f2a0ff00019bedd6",42.1209,-71.8069,747.291,0.524054,3.73392,15.0125,3.881,0.829885,20.2002,30.0135,24.0269,20.0115,4.62697,4.62697,1009.02011197,1.03664245,3.87073652,NA,NA,NA,NA,2018-08-09
"110",2018-08-10,"A000671","5b1a96b0f2a0ff00019bedd6",42.1209,-71.8069,763.161,0.487219,4.85954,15.8709,3.6466,0.834134,22.8406,33.1775,23.7368,18.5643,NA,NA,1012.34546598,1.04283322,5.0676922,NA,NA,NA,NA,2018-08-10
"109",2018-08-11,"A000671","5b1a96b0f2a0ff00019bedd6",42.1209,-71.8069,772.935,0.601499,-0.344969,9.7732,1.3363,0.807478,2.92571,22.0276,19.7348,17.5188,7.75092,7.75092,1016.92641945,1.00399553,-0.34634781,NA,NA,NA,NA,2018-08-11
"108",2018-08-12,"A000671","5b1a96b0f2a0ff00019bedd6",42.1209,-71.8069,784.245,0.579203,0.592062,11.3105,1.91575,0.809677,7.63459,23.5163,20.7275,19.1047,0.140782,0.140782,1019.50338507,1.00719964,0.59632447,NA,NA,NA,NA,2018-08-12
"107",2018-08-13,"A000671","5b1a96b0f2a0ff00019bedd6",42.1209,-71.8069,793.754,0.591426,-0.371274,9.5093,1.92035,0.806829,3.3469,20.3733,19.5065,18.6453,23.5861,23.5861,1018.65983864,1.00304943,-0.37240647,NA,NA,NA,NA,2018-08-13
"106",2018-08-14,"A000671","5b1a96b0f2a0ff00019bedd6",42.1209,-71.8069,808.426,0.551178,1.55441,14.6712,2.4779,0.801847,11.5917,29.445,22.6753,19.8973,2.16418,2.16418,1013.03697083,0.9957914,1.54786649,NA,NA,NA,NA,2018-08-14
"105",2018-08-15,"A000671","5b1a96b0f2a0ff00019bedd6",42.1209,-71.8069,823.637,0.523419,4.20913,15.2111,4.34855,0.829616,21.8263,30.9736,23.4983,19.4486,NA,NA,1012.16710368,1.03625118,4.36171517,NA,NA,NA,NA,2018-08-15
"104",2018-08-16,"A000671","5b1a96b0f2a0ff00019bedd6",42.1209,-71.8069,838.992,0.512438,4.31809,15.3554,4.1064,0.819967,22.442,30.1508,24.3966,20.5601,NA,NA,1016.83050188,1.02219259,4.41391855,NA,NA,NA,NA,2018-08-16
"103",2018-08-17,"A000671","5b1a96b0f2a0ff00019bedd6",42.1209,-71.8069,854.174,0.500565,4.06682,15.1814,4.80745,0.82134,21.4087,31.1301,23.9934,19.2328,0.0192039,0.0192039,1017.81284702,1.02419196,4.16520201,NA,NA,NA,NA,2018-08-17
"102",2018-08-18,"A000671","5b1a96b0f2a0ff00019bedd6",42.1209,-71.8069,869.599,0.538758,1.86892,15.4251,3.41085,0.816998,12.3554,33.0211,22.4365,17.8292,11.1604,11.1604,1011.25573767,1.01786631,1.90231428,NA,NA,NA,NA,2018-08-18
"101",2018-08-19,"A000671","5b1a96b0f2a0ff00019bedd6",42.1209,-71.8069,878.377,0.57109,3.82697,8.7786,5.5431,0.822021,22.3301,21.3413,17.9792,16.2159,0.193836,0.193836,1017.09047676,1.02518529,3.92335127,NA,NA,NA,NA,2018-08-19
"100",2018-08-20,"A000671","5b1a96b0f2a0ff00019bedd6",42.1209,-71.8069,887.13,0.57007,2.5793,8.75295,5.02445,0.807679,15.7538,22.5467,18.0632,14.9592,0.0123741,0.0123741,1021.64251616,1.00428848,2.59035721,NA,NA,NA,NA,2018-08-20
"99",2018-08-21,"A000671","5b1a96b0f2a0ff00019bedd6",42.1208,-71.8069,895.65,0.545149,2.4746,8.5199,5.09125,0.807326,15.1728,22.7346,18.3742,14.3052,NA,NA,1019.63808449,1.00377457,2.4839401,NA,NA,NA,NA,2018-08-21
"98",2018-08-22,"A000671","5b1a96b0f2a0ff00019bedd6",42.1208,-71.8069,907.335,0.548319,1.76871,11.6851,4.12045,0.810948,12.3818,25.9118,20.3533,17.4583,7.26741,7.26741,1007.65863838,1.00905148,1.78472396,NA,NA,NA,NA,2018-08-22
"97",2018-08-23,"A000671","5b1a96b0f2a0ff00019bedd6",42.1208,-71.8069,916.519,0.54413,3.0153,9.18395,6.4022,0.814891,17.309,22.8726,18.2202,15.4953,0.0901528,0.0901528,1013.73175843,1.01479639,3.05991176,NA,NA,NA,NA,2018-08-23
"96",2018-08-24,"A000671","5b1a96b0f2a0ff00019bedd6",42.1208,-71.8069,927.799,0.488035,4.31967,11.2797,4.7915,0.817384,21.8067,28.2674,20.5196,14.292,NA,NA,1022.72250262,1.01842784,4.39927591,NA,NA,NA,NA,2018-08-24
"95",2018-08-25,"A000671","5b1a96b0f2a0ff00019bedd6",42.1208,-71.8069,939.212,0.506478,4.01829,11.4134,5.4681,0.809696,21.2731,26.2011,20.495,16.6258,NA,NA,1025.70132821,1.00722708,4.04733171,NA,NA,NA,NA,2018-08-25
"94",2018-08-26,"A000671","5b1a96b0f2a0ff00019bedd6",42.1208,-71.8069,949.074,0.496118,4.085,9.8617,5.7326,0.807144,22.6205,25.0733,19.9765,14.6501,NA,NA,1020.81623542,1.00350817,4.09933416,NA,NA,NA,NA,2018-08-26
"93",2018-08-27,"A000671","5b1a96b0f2a0ff00019bedd6",42.1208,-71.8069,963.712,0.492828,4.12713,14.6385,4.36645,0.802427,21.8994,29.7264,23.789,19.5508,NA,NA,1018.219249,0.9966355,4.11324066,NA,NA,NA,NA,2018-08-27
"92",2018-08-28,"A000671","5b1a96b0f2a0ff00019bedd6",42.1208,-71.8069,980.441,0.4658,4.15785,16.7287,2.93385,0.801628,21.9131,31.9032,26.4693,21.5543,NA,NA,1016.7471071,0.99547135,4.1390165,NA,NA,NA,NA,2018-08-28
"91",2018-08-29,"A000671","5b1a96b0f2a0ff00019bedd6",42.1208,-71.8069,998.073,0.453629,4.38689,17.6317,3.2035,0.798331,22.4899,31.7601,27.4968,23.5034,NA,NA,1015.11376721,0.9906682,4.34594888,NA,NA,NA,NA,2018-08-29
"90",2018-08-30,"A000671","5b1a96b0f2a0ff00019bedd6",42.1208,-71.8069,1012.28,0.50468,4.71802,14.2044,3.58685,0.791823,23.3385,28.4034,24.6702,20.0055,NA,NA,1017.30377142,0.98118575,4.62925731,NA,NA,NA,NA,2018-08-30
"89",2018-08-31,"A000671","5b1a96b0f2a0ff00019bedd6",42.1209,-71.8069,1020.86,0.566599,2.97311,8.58673,3.91395,0.768147,16.6725,22.5648,18.1454,14.6086,NA,NA,1026.9944805,0.94669069,2.81461962,NA,NA,NA,NA,2018-08-31
"88",2018-09-01,"A000671","5b1a96b0f2a0ff00019bedd6",42.1209,-71.8069,1030.6,0.522286,3.48278,9.73606,6.08315,0.784347,18.1184,26.4367,18.7751,13.0354,NA,NA,1027.8604973,0.97029421,3.37932044,NA,NA,NA,NA,2018-09-01
"87",2018-09-02,"A000671","5b1a96b0f2a0ff00019bedd6",42.1209,-71.8069,1041.42,0.507075,3.49786,10.8173,6.1199,0.785007,19.7706,25.7142,20.5127,15.9205,NA,NA,1025.29010141,0.97125559,3.39731294,NA,NA,NA,NA,2018-09-02
"86",2018-09-03,"A000671","5b1a96b0f2a0ff00019bedd6",42.1209,-71.8069,1056.91,0.482456,4.05882,15.4944,4.5734,0.781359,21.6992,30.6994,24.9688,20.2895,NA,NA,1023.74088002,0.96594078,3.92058266,NA,NA,NA,NA,2018-09-03
"85",2018-09-04,"A000671","5b1a96b0f2a0ff00019bedd6",42.1209,-71.8069,1074.35,0.463579,4.3731,17.4367,2.7102,0.775398,21.5535,33.6231,26.3338,21.2503,NA,NA,1023.6590434,0.95725524,4.18617506,NA,NA,NA,NA,2018-09-04
"84",2018-09-05,"A000671","5b1a96b0f2a0ff00019bedd6",42.1209,-71.8069,1089,0.480821,3.67209,14.6551,5.52935,0.775098,20.5927,29.421,23.4435,19.8892,NA,NA,1024.1654981,0.9568181,3.51352145,NA,NA,NA,NA,2018-09-05
"82",2018-09-06,"A000671","5d08f14dbdc3500242302386",42.1229,-71.8055,NA,NA,0.524889,13.675,NA,NA,0.412461,24.3571,23.5599,22.9929,0.293734,0.293734,1019.68386139,NA,NA,30.6964,0.0833,0.293734,0.25,2018-09-06
"83",2018-09-06,"A000671","5b1a96b0f2a0ff00019bedd6",42.1209,-71.8069,1102.56,NA,0.706593,13.554,NA,NA,4.7091,25.6545,22.5318,21.4536,0.293734,0.293734,1021.50899654,0.9568181,0.67608095,NA,NA,NA,NA,2018-09-06
"80",2019-06-18,"A000671","5d091335809e596340356f84",42.123,-71.8055,NA,0.40295,0.0844074,7.72755,2.3902,0.215724,2.27238,20.3786,17.965,15.0765,2.5098,2.5098,1013.34525538,0.14181027,0.01196984,20.4274,0,2.49783,1.58333333,2019-06-18
"81",2019-06-18,"A000671","5d08f14dbdc3500242302386",42.1229,-71.8055,NA,0.38041,0.478792,9.8965,4.6016,0.219065,2.15538,22.1408,19.6891,17.6522,1.11427,1.11427,1015.389405,0.1466782,0.07022832,23.0187,0,NA,2.16666667,2019-06-18
"79",2019-06-19,"A000671","5d091335809e596340356f84",42.123,-71.8055,8.9119,0.376166,2.0773,8.9119,4.4947,0.209512,14.1712,21.8408,18.4921,15.983,0,0,1011.05669108,0.13275969,0.27578122,21.6088,0,-0.275781,11.83333333,2019-06-19
"78",2019-06-20,"A000671","5d091335809e596340356f84",42.123,-71.8055,17.0449,0.377394,0.0881371,8.133,2.9917,0.132641,5.58452,20.6234,18.1784,15.6426,12.1105,12.1105,1003.15914932,0.02075838,0.00182958,20.4265,0,12.1087,5.75,2019-06-20
"77",2019-06-21,"A000671","5d091335809e596340356f84",42.123,-71.8055,24.033,0.395366,0.991435,6.9881,3.9394,0.209974,9.53465,20.2297,17.086,13.7465,4.40216,4.40216,1000.68183734,0.13343264,0.13228977,19.5461,0,4.26987,8,2019-06-21
"76",2019-06-22,"A000671","5d091335809e596340356f84",42.123,-71.8055,31.6498,0.367416,4.74528,7.61685,5.2077,0.18525,24.7276,21.8166,17.4148,13.4171,0.218339,0.218339,1009.1331988,0.09740986,0.46223715,20.1708,0,-0.243895,11.91666667,2019-06-22
"75",2019-06-23,"A000671","5d091335809e596340356f84",42.123,-71.8055,41.5288,0.350732,5.74586,9.879,7.06125,0.174164,29.3472,26.4401,19.1791,13.3179,0,0,1011.62451005,0.08125749,0.46689442,22.1988,0,-0.466894,12.25,2019-06-23
"74",2019-06-24,"A000671","5d091335809e596340356f84",42.123,-71.8055,52.7454,0.337431,5.30442,11.2165,7.3827,0.176696,26.3783,27.7639,20.7909,14.6692,0,0,1010.62084047,0.08494611,0.45058949,23.7326,0,-0.45059,11.83333333,2019-06-24
"73",2019-06-25,"A000671","5d091335809e596340356f84",42.1221,-71.8055,60.6396,0.408981,0.327906,7.8942,2.65195,0.213361,5.77897,20.3213,18.5524,15.4671,4.31277,4.31277,1012.47612152,0.13836693,0.04537129,20.3785,0,4.2674,5.66666667,2019-06-25
"72",2019-06-26,"A000671","5d091335809e596340356f84",42.123,-71.8055,74.1516,0.367502,4.63099,13.5121,5.4841,0.225953,24.1085,30.3227,22.4111,16.7015,0,0,1015.91566385,0.15671295,0.72573564,24.9847,0,-0.725736,11.75,2019-06-26
"71",2019-06-27,"A000671","5d091335809e596340356f84",42.123,-71.8055,87.3133,0.347152,5.72108,13.1616,6.51355,0.208691,28.5832,29.672,22.0979,16.6513,0,0,1019.46436862,0.1315632,0.75268408,25.1608,0,-0.752684,11.5,2019-06-27
"70",2019-06-28,"A000671","5d091335809e596340356f84",42.1229,-71.8055,101.591,0.325469,5.90927,14.2774,6.83295,0.202131,28.1891,30.9457,23.771,17.6092,0,0,1020.11167417,0.12200559,0.7209645,26.0823,0,-0.720964,11.91666667,2019-06-28
"69",2019-06-29,"A000671","5d091335809e596340356f84",42.1229,-71.8055,115.306,0.344244,2.66207,13.7152,2.5559,0.206597,15.727,27.6226,23.107,19.8078,2.2909,2.2909,1014.06843984,0.12851156,0.34210681,24.6896,0,1.94879,10.41666667,2019-06-29
"68",2019-06-30,"A000671","5d091335809e596340356f84",42.1229,-71.8055,123.592,0.371706,2.16633,8.28595,4.7533,0.246799,14.5471,21.3897,17.9678,15.1822,14.545,14.545,1007.76951931,0.18708552,0.40528933,20.3238,0,14.1397,9.66666667,2019-06-30
"67",2019-07-01,"A000671","5d091335809e596340356f84",42.1229,-71.8055,135.486,0.363659,4.53183,11.8943,5.19775,0.248209,23.8256,28.9905,20.1012,14.7981,0,0,1011.46435013,0.1891403,0.8571517,22.3583,0,-0.857152,11.58333333,2019-07-01
"66",2019-07-02,"A000671","5d091335809e596340356f84",42.123,-71.8055,147.695,0.359319,3.7146,12.209,3.18215,0.235302,20.8652,27.2483,21.0131,17.1696,0,0,1009.08136563,0.17033475,0.63272625,23.5298,0,-0.632726,11.41666667,2019-07-02
"65",2019-07-03,"A000671","5d091335809e596340356f84",42.1229,-71.8054,163.793,0.331386,5.49321,16.0975,4.32755,0.239089,25.9905,33.6778,25.4189,18.5173,0,0,1011.04688331,0.17585281,0.96599656,27.1102,0,-0.965997,12.16666667,2019-07-03
"64",2019-07-04,"A000671","5d091335809e596340356f84",42.123,-71.8055,179.633,0.313629,5.46593,15.84,5.64645,0.245268,26.4825,33.3168,25.7863,18.3632,0,0,1018.22595502,0.18485514,1.01040595,27.6704,0,-1.0104,11.75,2019-07-04
"63",2019-07-05,"A000671","5d091335809e596340356f84",42.1229,-71.8055,193.546,0.339139,5.23379,13.9134,7.4206,0.261032,28.4673,29.059,23.027,18.7677,0,0,1020.45475786,0.20782389,1.08770575,26.2499,0,-1.08771,12.25,2019-07-05
"62",2019-07-06,"A000671","5d091335809e596340356f84",42.123,-71.8055,208.292,0.34551,3.66227,14.7455,5.5492,0.279338,22.438,29.9886,23.7455,19.5023,22.0853,22.0853,1013.12336877,0.23449616,0.85878841,26.0274,0,21.2265,9.75,2019-07-06
"61",2019-07-07,"A000671","5d091335809e596340356f84",42.123,-71.8055,221.167,0.375825,5.08435,12.8755,7.3171,0.345177,26.8314,28.6061,21.5244,17.1449,0,0,1013.25643433,0.33042224,1.67998138,24.3076,0,-1.67998,11.66666667,2019-07-07
"60",2019-07-08,"A000671","5d091335809e596340356f84",42.123,-71.8055,233.661,0.353615,5.17879,12.4941,8.773,0.342116,25.3203,29.5427,20.7698,15.4455,0,0,1015.25127751,0.32596267,1.68809352,23.6749,0,-1.6881,11.75,2019-07-08
"59",2019-07-09,"A000671","5d091335809e596340356f84",42.123,-71.8055,246.759,0.342105,5.9942,13.0978,7.28935,0.338842,29.0438,30.1719,22.3627,16.0238,0,0,1016.38861789,0.32119281,1.92529536,25.5222,0,-1.9253,12.08333333,2019-07-09
"58",2019-07-10,"A000671","5d091335809e596340356f84",42.123,-71.8054,261.547,0.342412,5.60206,14.7885,6.84495,0.362281,27.6293,32.1096,24.0088,17.4673,0,0,1016.68287422,0.35534335,1.99065538,26.787,0,-1.99066,11.91666667,2019-07-10
"57",2019-07-11,"A000671","5d091335809e596340356f84",42.123,-71.8054,273.549,0.397059,2.72963,12.0014,2.74305,0.420444,17.2952,26.4344,21.9271,17.5685,0.371429,0.371429,1014.02332809,0.44008722,1.20127587,24.2231,0,-0.829847,11.25,2019-07-11
"56",2019-07-12,"A000671","5d091335809e596340356f84",42.123,-71.8055,288.391,0.391557,4.06317,14.8425,3.8441,0.507755,21.0845,30.7004,23.2792,18.9846,14.6896,14.6896,1006.91411529,0.56729929,2.30503215,25.1175,0,12.3846,10.66666667,2019-07-12
"55",2019-07-13,"A000671","5d091335809e596340356f84",42.123,-71.8055,302.398,0.386662,5.46488,14.0063,5.7141,0.501747,27.3455,29.7028,23.4536,18.3097,0,0,1011.80397032,0.5585455,3.05238436,25.7455,0,-3.05238,12,2019-07-13
"54",2019-07-14,"A000671","5d091335809e596340356f84",42.123,-71.8055,316.636,0.383488,5.01406,14.2381,5.51095,0.503481,24.7966,30.519,24.0062,17.9573,0,0,1012.24624769,0.56107183,2.81324635,25.9732,0,-2.81325,12,2019-07-14
"53",2019-07-15,"A000671","5d091335809e596340356f84",42.1229,-71.8055,328.388,0.392372,5.58673,11.7527,7.3767,0.512345,28.5328,27.3598,21.1252,16.1455,0,0,1016.55180933,0.57398625,3.20670462,24.3594,0,-3.2067,12.08333333,2019-07-15
"52",2019-07-16,"A000671","5d091335809e596340356f84",42.1229,-71.8055,340.735,0.407192,4.55731,12.347,8.5122,0.54148,23.8209,28.911,22.2386,15.7831,0,0,1017.1330954,0.61643697,2.80929396,25.0766,0,-2.80929,11.25,2019-07-16
"51",2019-07-17,"A000671","5d091335809e596340356f84",42.1229,-71.8055,356.53,0.409124,3.35828,15.7944,4.89705,0.585503,19.403,30.6559,23.8361,20.9329,9.18452,9.18452,1013.6799845,0.68057755,2.28556723,25.7482,0,6.89895,8.83333333,2019-07-17
"50",2019-07-18,"A000671","5d091335809e596340356f84",42.123,-71.8055,365.8,0.468413,1.16507,9.27005,3.6242,0.652567,9.88841,22.2617,19.4229,16.2784,0.277553,0.277553,1014.65389175,0.77829028,0.90675883,21.6863,0,-0.629206,7.58333333,2019-07-18
"49",2019-07-19,"A000671","5d091335809e596340356f84",42.123,-71.8055,378.693,0.419669,4.96185,12.8931,5.05865,0.642509,25.7094,29.8241,23.1282,15.9621,0,0,1011.43138451,0.76363521,3.78904343,25.4862,0,-3.78904,10.75,2019-07-19
"48",2019-07-20,"A000671","5d091335809e596340356f84",42.1229,-71.8054,396.416,0.410901,4.18697,17.7229,4.1629,0.663417,22.6067,31.9588,27.2125,23.4871,5.98661,5.98661,1009.27066618,0.79409783,3.32486276,28.6139,0,2.66175,11.25,2019-07-20
"47",2019-07-21,"A000671","5d091335809e596340356f84",42.123,-71.8055,414.66,0.445586,4.68175,18.2444,3.25915,0.708517,22.9494,34.0482,26.619,22.4405,0,0,1008.12611025,0.85981,4.02541105,27.3428,0,-4.02541,11.83333333,2019-07-21
"46",2019-07-22,"A000671","5d091335809e596340356f84",42.123,-71.8055,426.75,0.485298,1.82903,12.0899,1.5611,0.71508,10.8355,28.1912,21.9206,15.9886,28.0647,28.0647,1011.07741881,0.86937165,1.59011035,23.3886,0,26.4746,8.66666667,2019-07-22
"45",2019-07-23,"A000671","5d091335809e596340356f84",42.123,-71.8055,433.602,0.537828,1.15022,6.85225,3.8231,0.724463,9.63673,21.3158,16.8782,12.3887,16.9726,16.9726,1011.23299382,0.88304241,1.01569083,19.3445,0,15.9569,7.08333333,2019-07-23
"44",2019-07-24,"A000671","5d091335809e596340356f84",42.123,-71.8055,445.179,0.457757,4.85115,11.5764,4.78095,0.734522,24.0398,27.0035,20.3549,16.1492,0,0,1014.17873698,0.89769781,4.35486842,22.7198,0,-4.35487,11.83333333,2019-07-24
"43",2019-07-25,"A000671","5d091335809e596340356f84",42.123,-71.8055,458.446,0.452637,5.7226,13.2671,5.7943,0.744892,26.0883,30.5486,21.6459,15.9856,0,0,1019.20352149,0.91280798,5.22363211,23.812,0,-5.22363,11.41666667,2019-07-25
"42",2019-07-26,"A000671","5d091335809e596340356f84",42.123,-71.8055,473.128,0.437222,5.97526,14.6816,5.1477,0.755163,27.1137,33.056,23.0324,16.3071,0,0,1024.25223061,0.92777199,5.5436749,24.9611,0,-5.54367,11.75,2019-07-26
"41",2019-07-27,"A000671","5d091335809e596340356f84",42.123,-71.8055,484.253,0.458165,3.60177,11.1259,5.6046,0.761524,19.5972,26.519,21.1066,15.7329,0,0,1024.56248397,0.93704008,3.37499843,23.5308,0,-3.375,11.33333333,2019-07-27
"40",2019-07-28,"A000671","5d091335809e596340356f84",42.123,-71.8055,497.382,0.462921,5.28214,13.1287,5.04805,0.772883,26.2305,29.569,22.8939,16.6884,0,0,1018.40199167,0.95359008,5.0369945,25.0235,0,-5.03699,11.66666667,2019-07-28
"39",2019-07-29,"A000671","5d091335809e596340356f84",42.123,-71.8055,512.678,0.465408,4.40586,15.2957,4.6624,0.777812,22.1923,29.9598,24.679,20.6316,17.031,17.031,1015.15653122,0.96077226,4.23302668,26.1605,0,12.798,10.58333333,2019-07-29
"38",2019-07-30,"A000671","5d091335809e596340356f84",42.123,-71.8054,528.354,0.444878,4.89984,15.6763,4.2404,0.794423,24.2035,30.7966,25.4242,20.5561,0,0,1015.81872647,0.98497453,4.82621445,26.9849,0,-4.82621,11.41666667,2019-07-30
"37",2019-07-31,"A000671","5d091335809e596340356f84",42.123,-71.8055,542.181,0.474281,3.6807,13.8272,4.05135,0.795776,19.547,30.83,22.5181,16.8245,10.4662,10.4662,1016.96404419,0.98694573,3.63265065,24.4116,0,6.83395,8,2019-07-31
"36",2019-08-01,"A000671","5d091335809e596340356f84",42.1228,-71.8054,555.835,0.470599,5.43029,13.654,4.02125,0.797909,24.7185,29.6608,22.6191,17.6473,0,0,1018.3664338,0.9900529,5.3762719,24.3345,0,-5.37627,11.5,2019-08-01
"35",2019-08-02,"A000671","5d091335809e596340356f84",42.123,-71.8055,570.701,0.462902,6.33819,14.8653,3.1846,0.798757,26.3779,32.2668,23.3292,17.4639,0,0,1020.32429039,0.99128967,6.28298305,24.816,0,-6.28298,11.5,2019-08-02
"34",2019-08-03,"A000671","5d091335809e596340356f84",42.123,-71.8055,582.777,0.50214,3.45054,12.0765,3.69795,0.801644,18.5949,26.7565,21.6223,17.3965,0,0,1016.59100426,0.99549481,3.43499146,23.4882,0,-3.43499,8.91666667,2019-08-03
"33",2019-08-04,"A000671","5d091335809e596340356f84",42.123,-71.8055,597.18,0.47265,4.9644,14.4025,2.8023,0.805022,22.4726,31.058,23.601,17.7471,0.343557,0.343557,1012.76826388,1.00041711,4.96647424,24.8985,0,-4.62292,11.5,2019-08-04
"32",2019-08-05,"A000671","5d091335809e596340356f84",42.123,-71.8055,609.554,0.482169,6.2537,12.3741,6.0593,0.806904,26.1742,30.6697,21.5633,14.0784,0,0,1015.3746629,1.00315958,6.27345717,23.5825,0,-6.27346,11.58333333,2019-08-05
"31",2019-08-06,"A000671","5d091335809e596340356f84",42.123,-71.8055,621.299,0.527189,3.47739,11.7455,1.855,0.802494,17.4583,28.782,21.5661,14.709,0,0,1012.81034315,0.99673379,3.46602898,23.1138,0,-3.46603,11.33333333,2019-08-06
"30",2019-08-07,"A000671","5d091335809e596340356f84",42.123,-71.8055,632.904,0.526955,2.15513,11.6043,2.84555,0.796981,13.4556,26.6914,21.2739,16.5172,42.2155,42.2155,1010.90640708,0.98870195,2.13078306,23.1595,0,40.0847,8.91666667,2019-08-07
"29",2019-08-08,"A000671","5d091335809e596340356f84",42.123,-71.8055,644.949,0.505896,4.19809,12.0454,5.33245,0.804526,21.7371,27.6308,21.7078,16.46,1.60659,1.60659,1005.93147537,0.9996948,4.19680874,24.0144,0,-2.59022,10.41666667,2019-08-08
"28",2019-08-09,"A000671","5d091335809e596340356f84",42.123,-71.8055,655.712,0.499807,5.32095,10.7633,5.71205,0.802602,25.4775,25.0861,20.3428,16.4406,0,0,1006.39730947,0.99689067,5.30440493,22.8783,0,-5.3044,11,2019-08-09
"27",2019-08-10,"A000671","5d091335809e596340356f84",42.123,-71.8055,663.805,0.520263,4.31899,8.09325,6.2511,0.793904,21.9957,21.95,17.9126,14.2365,0,0,1008.84405215,0.98421828,4.25082543,20.6679,0,-4.25083,10.41666667,2019-08-10
"26",2019-08-11,"A000671","5d091335809e596340356f84",42.123,-71.8055,671.72,0.515081,4.5791,7.91435,7.05295,0.790345,23.2625,24.5819,17.4496,11.2468,0,0,1014.34378038,0.97903239,4.48308517,20.4611,0,-4.48309,11,2019-08-11
"25",2019-08-12,"A000671","5d091335809e596340356f84",42.123,-71.8055,681.529,0.499177,5.05134,9.80955,5.0178,0.791702,24.3807,25.8528,20.3932,13.7663,0,0,1013.1871412,0.98100933,4.9554118,23.0344,0,-4.95541,11,2019-08-12
"24",2019-08-13,"A000671","5d091335809e596340356f84",42.123,-71.8055,692.558,0.550497,0.964072,11.0289,1.9918,0.771242,8.13791,23.9522,20.986,18.1057,0,0,1009.42726368,0.95119925,0.91702426,22.5186,0,-0.917024,8.91666667,2019-08-13
"23",2019-08-14,"A000671","5d091335809e596340356f84",42.123,-71.8055,705.045,0.492907,3.21084,12.4872,3.8827,0.779381,16.7195,29.4386,21.1847,15.5358,0,0,1011.16644581,0.9630575,3.09222323,22.9699,0,-3.09229,10.5,2019-08-14
"22",2019-08-15,"A000671","5d091335809e596340356f84",42.123,-71.8055,717.535,0.473664,5.64407,12.49,3.2228,0.789458,25.5312,30.4479,21.5055,14.532,0,0,1016.47865423,0.97774082,5.51843642,23.4427,0,-5.51844,11,2019-08-15
"21",2019-08-16,"A000671","5d091335809e596340356f84",42.123,-71.8055,729.822,0.476983,5.05646,12.287,5.8178,0.784113,24.5533,29.2716,21.402,15.3023,0,0,1017.82461006,0.9699529,4.90452968,23.6977,0.0833,-4.90453,11.08333333,2019-08-16
"20",2019-08-17,"A000671","5d091335809e596340356f84",42.123,-71.8055,741.943,0.51288,2.01104,12.1208,2.48715,0.765508,12.6207,27.8118,21.8579,16.4297,1.12131,1.12131,1017.54547558,0.94284535,1.89609539,23.5572,0,-0.774785,9.58333333,2019-08-17
"19",2019-08-18,"A000671","5d091335809e596340356f84",42.123,-71.8055,755.991,0.480846,4.18643,14.0478,5.4394,0.776375,21.7352,30.9652,23.6812,17.1305,0,0,1016.04637018,0.95867888,4.01344634,25.7493,0,-4.01345,10.58333333,2019-08-18
"18",2019-08-19,"A000671","5d091335809e596340356f84",42.123,-71.8055,771.085,0.47644,3.46764,15.0943,4.175,0.778827,18.8792,30.4188,23.14,19.7699,4.33641,4.33641,1014.95333316,0.96225132,3.33673881,24.7797,0,0.999671,8.16666667,2019-08-19
"17",2019-08-20,"A000671","5d091335809e596340356f84",42.123,-71.8055,785.208,0.467245,5.62611,14.1231,4.2635,0.785255,25.2129,30.6164,23.6006,17.6299,0,0,1017.88465732,0.97161699,5.46642608,25.2179,0,-5.46643,10.91666667,2019-08-20
"16",2019-08-21,"A000671","5d091335809e596340356f84",42.123,-71.8055,798.087,0.505018,1.23263,12.8781,2.35525,0.76478,9.93793,27.6577,21.7097,18.0986,7.6117,7.6117,1014.45585797,0.94178503,1.16086785,23.0148,0,6.45083,7.16666667,2019-08-21
"15",2019-08-22,"A000671","5d091335809e596340356f84",42.123,-71.8055,813.079,0.482329,3.85715,14.9927,4.8829,0.779144,20.087,31.3617,23.2538,18.6237,0,0,1011.14757042,0.96271255,3.71332244,24.9353,0,-3.71332,9.08333333,2019-08-22
"14",2019-08-23,"A000671","5d091335809e596340356f84",42.123,-71.8055,823.057,0.52825,2.46011,9.97745,3.30755,0.765243,12.8719,24.4236,19.5059,15.5313,1.03291,1.03291,1015.09708246,0.94245881,2.31855038,21.4949,0,-1.28564,8.41666667,2019-08-23
"13",2019-08-24,"A000671","5d091335809e596340356f84",42.123,-71.8055,830.521,0.491999,4.34037,7.4638,6.2764,0.779698,21.874,22.9922,17.1558,11.9354,0,0,1021.8567368,0.96352018,4.18203375,19.759,0,-4.18203,10.25,2019-08-24
"12",2019-08-25,"A000671","5d091335809e596340356f84",42.1229,-71.8055,835.703,0.571217,2.5562,5.1822,4.0769,0.754386,15.3792,19.6052,14.8749,10.7592,0,0,1026.39328577,0.92664016,2.36867316,17.7483,0,-2.36867,10.91666667,2019-08-25
"11",2019-08-26,"A000671","5d091335809e596340356f84",42.1231,-71.8055,842.414,0.516184,4.30083,6.71146,7.04685,0.770535,22.4024,24.3249,15.1107,9.09802,0,0,1023.60577434,0.95016905,4.08651536,18.1684,0,-4.08657,10.91666667,2019-08-26
"10",2019-08-27,"A000671","5d091335809e596340356f84",42.123,-71.8054,849.692,0.496683,3.56732,7.2781,6.785,0.766043,17.9972,24.4328,16.9117,10.1234,0,0,1018.98816886,0.94362457,3.36620661,19.7296,0,-3.36621,10.33333333,2019-08-27
"9",2019-08-28,"A000671","5d091335809e596340356f84",42.123,-71.8054,859.052,0.500267,1.53489,9.3602,4.07745,0.758539,10.3227,25.2379,18.9191,13.4825,49.8868,49.8868,1013.51154203,0.93269142,1.43158097,20.9248,0,48.4552,7.25,2019-08-28
"8",2019-08-29,"A000671","5d091335809e596340356f84",42.123,-71.8055,871.227,0.475631,4.86955,12.1749,4.55585,0.77717,23.3569,28.3336,20.8182,16.0161,0.282692,0.282692,1010.75971958,0.95983613,4.67396577,23.0225,0,-4.39127,10.33333333,2019-08-29
"7",2019-08-30,"A000671","5d091335809e596340356f84",42.123,-71.8055,881.515,0.499842,4.16243,10.2874,5.4104,0.770371,21.3454,26.9816,19.6298,13.5933,0,0,1015.88667372,0.94993051,3.95401783,21.7948,0,-3.95402,9.58333333,2019-08-30
"6",2019-08-31,"A000671","5d091335809e596340356f84",42.123,-71.8055,891.427,0.490024,4.67565,9.91275,5.8503,0.769308,22.1619,25.2842,19.2613,14.5413,0,0,1022.71207742,0.94838191,4.4342989,21.48,0,-4.4343,10.08333333,2019-08-31
"5",2019-09-01,"A000671","5d091335809e596340356f84",42.123,-71.8055,899.501,0.517579,3.57312,8.0736,4.1362,0.7469,17.7593,24.3847,17.8171,11.7625,0,0,1027.39229556,0.91573302,3.27202446,20.2227,0,-3.27202,10.33333333,2019-09-01
"4",2019-09-02,"A000671","5d091335809e596340356f84",42.123,-71.8055,906.657,0.514767,1.2938,7.15605,5.64395,0.739541,10.1256,21.1367,17.2041,13.1754,14.7979,14.7979,1019.0677506,0.90501193,1.17090531,19.6474,0,13.627,7.75,2019-09-02
"3",2019-09-03,"A000671","5d091335809e596340356f84",42.1229,-71.8055,917.677,0.478878,3.93646,11.0202,4.25715,0.762341,19.6905,27.5152,20.0936,14.5251,0,0,1016.84593765,0.93823138,3.69331443,22.0803,0,-3.69331,10,2019-09-03
"2",2019-09-04,"A000671","5d091335809e596340356f84",42.123,-71.8055,928.423,0.503329,2.23913,10.7455,3.62805,0.742997,14.0508,26.2658,19.717,15.2252,0.678048,0.678048,1011.29675071,0.91004623,2.03771505,21.4453,0,-1.35967,7.91666667,2019-09-04
"1",2019-09-05,"A000671","5d091335809e596340356f84",42.123,-71.8055,936.331,0.497128,3.75424,7.90795,6.47915,0.751549,19.4473,24.6448,16.8991,11.1711,0,0,1018.25080892,0.92250688,3.46331574,19.3558,0,-3.46332,10.5,2019-09-05
